"wardcode","conflict_index"
"10101",8
"10106",8
"10107",6
"10108",3
"10109",8
"10110",8
"10201",8
"10202",5
"10205",6
"10206",7
"10207",5
"10208",6
"10209",3
"10210",2
"10211",5
"10213",4
"10301",8
"10302",5
"10304",8
"10305",7
"10306",7
"10307",7
"10308",8
"10309",7
"10311",8
"10312",8
"10313",6
"10409",6
"10501",8
"10506",2
"10507",6
"10508",4
"10509",6
"10510",4
"10511",5
"10602",6
"10603",8
"10604",2
"10605",8
"10606",7
"10607",1
"10609",7
"10610",6
"10701",8
"10702",6
"10703",8
"10705",8
"10706",5
"10707",7
"10708",8
"10709",8
"10710",6
"10711",8
"10802",2
"10803",8
"10804",8
"10806",7
"10807",8
"10904",5
"10905",8
"10906",6
"10907",5
"10910",6
"11004",7
"11006",3
"11007",4
"11008",7
"11010",7
"11101",7
"11102",8
"11103",2
"11105",6
"11107",7
"11108",8
"11109",7
"11110",4
"11111",7
"11112",7
"11113",7
"11203",3
"11206",3
"11208",5
"11212",5
"11306",5
"11307",3
"11308",6
"11310",5
"11311",1
"11401",7
"11410",8
"11411",7
"11503",5
"11505",6
"11509",8
"11601",8
"11602",6
"11603",5
"11604",7
"11606",7
"11607",8
"11609",8
"11610",5
"11611",8
"11701",7
"11702",7
"11706",7
"11707",3
"11709",8
"11710",4
"11805",1
"11806",5
"11901",8
"11903",8
"11904",8
"11906",8
"11907",8
"11908",6
"11909",4
"11911",5
"11912",8
"12001",4
"12003",5
"12004",3
"12005",5
"12009",2
"12010",2
"12012",6
"12013",7
"12101",6
"12103",6
"12107",7
"12109",8
"12112",2
"12201",7
"12202",6
"12203",3
"12204",5
"12205",8
"12206",8
"12207",7
"12208",2
"12209",8
"12302",6
"12305",6
"12307",8
"12413",7
"12501",7
"12504",8
"12505",7
"12506",7
"12507",8
"12509",7
"12510",7
"12604",8
"12606",8
"12607",6
"12706",6
"12710",5
"40101",8
"40105",5
"40110",1
"40202",6
"40203",6
"40204",4
"40205",2
"40207",1
"40301",1
"40302",8
"40303",1
"40304",4
"40305",6
"40306",4
"40307",7
"40309",2
"40310",6
"40507",4
"40601",2
"40610",1
"40701",7
"40708",7
"40803",4
"40807",4
"40901",5
"40902",5
"40904",7
"40905",6
"40906",5
"40907",6
"40910",8
"41006",6
"41203",6
"41207",5
"41210",7
"41211",1
"41301",1
"41302",7
"41303",5
"41304",5
"41305",5
"41306",6
"41307",5
"41308",4
"41309",5
"41402",7
"41404",5
"41406",1
"41409",4
"41506",1
"41601",6
"41602",8
"41603",7
"41604",7
"41605",7
"41608",6
"41611",6
"41701",5
"41704",3
"41705",5
"41710",2
"41804",3
"41903",3
"41904",6
"41905",8
"41908",7
"41909",7
"41910",6
"41911",3
"42003",6
"42107",5
"42201",7
"42202",2
"42203",5
"42204",8
"42205",2
"42209",7
"42306",4
"42307",2
"42501",5
"42503",4
"42505",6
"42507",7
"42509",1
"42511",5
"42512",4
"42607",2
"42802",6
"42805",7
"42810",6
"42901",7
"42902",2
"42905",3
"42906",1
"42909",6
"42911",6
"43102",7
"43104",5
"43106",1
"43107",1
"43109",7
"43201",6
"43203",5
"43205",7
"43207",7
"43208",6
"43209",8
"43301",2
"50101",2
"50201",3
"50207",5
"50208",4
"50401",8
"50409",3
"50503",3
"50613",6
"50708",6
"50709",4
"50710",5
"50901",3
"51005",1
"51108",5
"51302",4
"51306",1
"51307",1
"51408",7
"51501",5
"51510",6
"51602",6
"51603",6
"51605",6
"51607",6
"51608",8
"51609",4
"51706",4
"51708",6
"51811",4
"51901",5
"51902",5
"51903",6
"51904",6
"51905",6
"51907",5
"51908",3
"51909",7
"51910",7
"52105",6
"60101",7
"60102",2
"60109",8
"60206",3
"60301",1
"60302",5
"60311",3
"60402",5
"60403",5
"60405",5
"60407",5
"60501",7
"60502",4
"60503",6
"60504",8
"60505",6
"60506",6
"60507",1
"60508",5
"60509",7
"60510",4
"60511",7
"60603",6
"60608",4
"60701",4
"60702",6
"60703",1
"60705",4
"60706",6
"60708",5
"60709",6
"60801",5
"60802",6
"60804",5
"60805",1
"60806",7
"60807",7
"60808",6
"60809",5
"60810",6
"60901",6
"60903",1
"60904",7
"60906",2
"60907",6
"60908",7
"60910",5
"61001",1
"61006",3
"61010",2
"61107",7
"61109",5
"61201",7
"61203",6
"61204",7
"61205",5
"61206",7
"61207",5
"61209",4
"61210",2
"61301",7
"61302",8
"61304",7
"61305",3
"61306",1
"61307",8
"61308",4
"61309",6
"61310",5
"61311",7
"61606",7
"61708",6
"61710",3
"61804",1
"61811",1
"61901",7
"61905",7
"61906",5
"61907",6
"61908",5
"61909",1
"61910",7
"62002",6
"62004",2
"62007",6
"62010",5
"62101",4
"62103",1
"62108",4
"62110",1
"62111",3
"62202",1
"62203",2
"62205",1
"62206",7
"62207",1
"62307",4
"70105",4
"70202",4
"70203",6
"70306",6
"70311",6
"70405",3
"70409",3
"70601",3
"70605",5
"70607",4
"70609",6
"70701",8
"70702",7
"70704",8
"70706",7
"70707",4
"70708",8
"70801",2
"70802",1
"70803",1
"70804",3
"70910",1
"71006",4
"71406",3
"71501",1
"71503",6
"71507",1
"71606",6
"71608",3
"80101",6
"80102",8
"80103",8
"80104",7
"80105",1
"80106",2
"80201",8
"80202",5
"80203",2
"80204",6
"80206",6
"80208",6
"80209",5
"80210",6
"80301",5
"80304",6
"80309",5
"80310",8
"80402",8
"80403",6
"80404",6
"80405",6
"80406",7
"80408",3
"80409",3
"80410",3
"80502",5
"80504",8
"80505",6
"80506",6
"80507",7
"80508",6
"80509",6
"80510",1
"80511",6
"80601",5
"80602",6
"80603",5
"80606",1
"80608",2
"80610",8
"80702",7
"80704",7
"80705",7
"80706",6
"80707",7
"80709",3
"80710",5
"80801",4
"80803",4
"80804",7
"80806",5
"80807",6
"80808",1
"80809",7
"80811",6
"80901",7
"80902",4
"80903",7
"80904",6
"80905",6
"80906",6
"80907",6
"80909",8
"81002",4
"81003",5
"81004",5
"81005",7
"81006",7
"81007",6
"81008",8
"81009",6
"81103",2
"81106",4
"81107",2
"81108",5
"81109",8
"81201",8
"81202",5
"81203",6
"81204",6
"81207",7
"81208",5
"81209",6
"81210",6
"81211",5
"81301",7
"81303",7
"81305",5
"81306",3
"81307",7
"81308",6
"81309",5
"81402",5
"81403",8
"81404",5
"81405",6
"81406",4
"81408",6
"81409",5
"81410",7
"81411",8
"ABSABA02",7
"ABSABA07",5
"ABSACH05",6
"ABSACH13",7
"ABSACH14",3
"ABSAPR05",3
"ABSAPR11",4
"ABSEZA04",1
"ABSGWB07",3
"ABSHAF10",7
"ABSHAF11",5
"ABSHAF14",3
"ABSHAF16",7
"ABSKKE26",7
"ABSKPU13",1
"ABSKWU19",8
"ABSMBA17",1
"ABSMBL06",6
"ABSMBL15",4
"ABSNGK13",5
"ABSSSM17",3
"ABSUMA10",1
"ABSUMA14",4
"ABSUMA15",6
"ABSUNC03",4
"ABSUNC04",3
"ABSUNC09",4
"ABSUNC10",6
"ADSDSA01",5
"ADSDSA08",5
"ADSFUR01",3
"ADSFUR03",4
"ADSFUR04",5
"ADSFUR05",5
"ADSFUR07",1
"ADSGAN02",3
"ADSGAN04",5
"ADSGAN08",1
"ADSGMB05",5
"ADSGMB07",4
"ADSGRE02",1
"ADSGRE05",5
"ADSGRE08",3
"ADSGYL03",5
"ADSHNG03",8
"ADSHNG06",1
"ADSHNG11",5
"ADSLMR03",5
"ADSLMR04",4
"ADSMAH03",3
"ADSMAH04",8
"ADSMCH04",2
"ADSMCH06",3
"ADSMDG03",2
"ADSMDG04",8
"ADSMDG06",7
"ADSMDG10",8
"ADSMUB11",4
"ADSMWA08",1
"ADSNUM03",7
"ADSNUM05",5
"ADSSNG06",4
"ADSSNG07",4
"ADSTNG09",6
"ADSYLA03",3
"ADSYLA08",3
"ADSYLA09",1
"ADSYLA10",6
"ADSYLN06",2
"ADSYLN07",6
"AKSABK07",5
"AKSABK09",2
"AKSABK11",2
"AKSABT04",3
"AKSAEE03",6
"AKSAEE04",6
"AKSAEE08",5
"AKSAEE10",6
"AKSAFH08",1
"AKSAFH09",4
"AKSAUQ04",7
"AKSBMT02",4
"AKSBYF02",7
"AKSBYF03",4
"AKSDRK08",4
"AKSDRK10",7
"AKSDUU09",6
"AKSDYY07",6
"AKSENW04",8
"AKSENW08",4
"AKSENW09",5
"AKSKET05",6
"AKSKET11",3
"AKSKPD10",4
"AKSKPK01",5
"AKSKPK08",5
"AKSKPK10",5
"AKSKRT01",7
"AKSKTE10",3
"AKSKTM08",6
"AKSKTS02",3
"AKSKTS07",3
"AKSMKP05",6
"AKSMKP06",4
"AKSMKP10",5
"AKSNGD03",5
"AKSNYA05",3
"AKSPNG01",6
"AKSRNN02",8
"AKSTTU03",8
"ANSAAH01",5
"ANSAAH05",6
"ANSAAH12",8
"ANSAAH14",6
"ANSABN06",7
"ANSABN07",2
"ANSABN10",6
"ANSABN14",6
"ANSACA02",8
"ANSACA04",5
"ANSACA06",4
"ANSACA07",8
"ANSACA09",7
"ANSACA10",3
"ANSACA14",5
"ANSAGU04",2
"ANSAGU06",6
"ANSAGU07",6
"ANSAGU11",6
"ANSAGU14",1
"ANSAGU16",5
"ANSAGU18",2
"ANSAGU20",8
"ANSAJL06",6
"ANSAJL08",4
"ANSAJL11",7
"ANSAJL20",6
"ANSATN03",8
"ANSATN05",3
"ANSATN07",8
"ANSATN09",3
"ANSAWK02",7
"ANSAWK04",7
"ANSAWK10",6
"ANSAWK16",1
"ANSAWK19",6
"ANSFGG09",6
"ANSFGG11",6
"ANSGDD03",5
"ANSGDD06",6
"ANSGDD08",6
"ANSGDD11",4
"ANSHAL01",7
"ANSHAL04",5
"ANSHAL09",5
"ANSHAL11",6
"ANSHAL13",6
"ANSHAL16",5
"ANSHAL17",7
"ANSHTE04",6
"ANSHTE05",5
"ANSHTE06",4
"ANSHTE08",6
"ANSHTE14",4
"ANSJJT02",5
"ANSJJT05",7
"ANSJJT10",6
"ANSJJT12",4
"ANSKPP01",5
"ANSKPP02",1
"ANSKPP09",5
"ANSNEN02",7
"ANSNEN03",4
"ANSNEN07",7
"ANSNEN11",4
"ANSNEN12",4
"ANSNKK01",7
"ANSNKK11",7
"ANSNNE02",6
"ANSUKP01",7
"ANSUKP02",5
"ANSUKP11",5
"ANSUKP15",6
"ANSUKP18",2
"ANSUKP20",4
"ANSUMZ07",8
"ANSUMZ14",6
"ANSUMZ15",7
"ANSZBL09",7
"ANSZBL10",4
"ANSZBL11",6
"BA0101",7
"BA0106",4
"BA0111",5
"BA0115",4
"BA0116",5
"BA0119",7
"BA0206",5
"BA0211",3
"BA0215",7
"BA0309",3
"BA0312",2
"BA0410",1
"BA0506",1
"BA0603",2
"BA0704",2
"BA0801",1
"BA1102",5
"BA1201",3
"BA1306",3
"BA1408",3
"BA1415",3
"BA1505",3
"BA1506",1
"BA1508",7
"BA1511",1
"BA1513",1
"BA1516",7
"BA1702",3
"BA1713",3
"BA1716",6
"BA1801",5
"BA1802",3
"BA1804",2
"BA1807",3
"BA1809",3
"BA1810",3
"BA1814",5
"BA2014",2
"BNSALD07",5
"BNSALD08",1
"BNSBGT01",5
"BNSBGT02",6
"BNSBGT08",3
"BNSBGT09",2
"BNSBKB07",3
"BNSBRT04",5
"BNSDKP03",3
"BNSDKP09",2
"BNSGBG02",5
"BNSGBG03",7
"BNSGBG05",7
"BNSGBG06",5
"BNSGBG08",6
"BNSGBK03",5
"BNSGBK17",1
"BNSGKP02",7
"BNSGKP03",8
"BNSGKP05",7
"BNSGKP09",5
"BNSGKP10",7
"BNSGKP11",7
"BNSGMU01",7
"BNSGMU02",6
"BNSGMU09",7
"BNSGMU10",6
"BNSGTU01",8
"BNSGTU03",8
"BNSGTU04",8
"BNSGTU05",6
"BNSGTU06",6
"BNSGTU08",7
"BNSGTU09",4
"BNSGTU10",6
"BNSJUX03",7
"BNSKAL03",1
"BNSKAL04",5
"BNSKAL06",6
"BNSKAL07",5
"BNSKAL10",7
"BNSMKD01",4
"BNSMKD02",7
"BNSMKD03",3
"BNSMKD05",1
"BNSMKD09",5
"BNSNAK03",8
"BNSNAK04",7
"BNSNAK05",7
"BNSNAK07",7
"BNSPKG01",3
"BNSPKG05",5
"BNSPKG08",5
"BNSPKG12",3
"BNSSEL01",3
"BNSSEL03",5
"BNSTKP01",4
"BNSTKP02",4
"BNSTKP04",8
"BNSTKP05",3
"BNSTKP08",4
"BNSTKP11",1
"BNSTSE04",4
"BNSUKM03",7
"BNSUKM04",5
"BNSUKM05",1
"BNSUKM07",7
"BNSUKM08",3
"BNSUKM10",5
"BNSUKM11",5
"BNSUKM12",1
"BNSUKM13",5
"BNSVDY12",1
"BNSWDP03",6
"BNSWDP08",6
"BNSWDP15",6
"BNSYGJ01",5
"BNSYGJ02",5
"BNSYGJ05",3
"BNSYGJ06",7
"BNSYGJ07",7
"BNSYGJ08",8
"BNSYGJ10",6
"BYSBRS01",7
"BYSBRS06",3
"BYSGBB09",6
"BYSGBB10",2
"BYSGBB12",7
"BYSGBB13",1
"BYSKMR05",6
"BYSNEM01",4
"BYSNEM10",7
"BYSSAG01",5
"BYSSPR04",5
"BYSSPR07",4
"BYSSPR08",8
"BYSSPR09",6
"BYSSPR10",4
"BYSSPR11",3
"BYSSPR13",3
"BYSYEN01",6
"BYSYEN02",3
"BYSYEN03",5
"BYSYEN08",3
"BYSYEN09",3
"BYSYEN10",5
"BYSYEN14",6
"BYSYEN15",6
"CRSAKP01",4
"CRSAKP06",7
"CRSAKP07",6
"CRSAKP10",2
"CRSANA06",2
"CRSANA07",1
"CRSANA11",4
"CRSBJE05",6
"CRSBJE10",6
"CRSBKS04",7
"CRSBKS07",6
"CRSBNS03",3
"CRSBRA02",8
"CRSBRA03",6
"CRSBRA07",7
"CRSBRA08",8
"CRSCAL05",3
"CRSCAL10",6
"CRSCKK03",2
"CRSCKK08",5
"CRSCKK12",8
"CRSDUK03",6
"CRSDUK06",1
"CRSGEP03",2
"CRSGEP08",8
"CRSGEP12",3
"CRSGGJ01",5
"CRSGGJ04",2
"CRSKAM04",3
"CRSKAM05",3
"CRSKMM03",1
"CRSKMM04",5
"CRSKMM08",7
"CRSKMM11",5
"CRSKTA06",7
"CRSUDU03",4
"CRSUDU10",5
"DTSABH02",7
"DTSABH05",2
"DTSAGB09",3
"DTSAGB11",6
"DTSAKU01",5
"DTSAKU04",5
"DTSAKU05",4
"DTSAKU06",5
"DTSALA01",6
"DTSALA02",4
"DTSALA03",4
"DTSALA04",2
"DTSALA05",3
"DTSALA07",5
"DTSALA08",6
"DTSALA09",1
"DTSASB10",7
"DTSAYB01",5
"DTSAYB10",7
"DTSAYB11",2
"DTSBKW06",7
"DTSBKW07",3
"DTSBKW08",6
"DTSBKW10",7
"DTSBMA07",6
"DTSBMA08",8
"DTSBUR04",6
"DTSBUR07",6
"DTSBUR10",5
"DTSDSZ04",6
"DTSDSZ09",4
"DTSDSZ13",5
"DTSEFR02",5
"DTSEFR05",2
"DTSEFR07",5
"DTSEFR10",7
"DTSGRA01",8
"DTSGRA05",5
"DTSGRA08",5
"DTSGWK02",5
"DTSGWK03",5
"DTSGWK04",6
"DTSGWK05",6
"DTSGWK06",5
"DTSGWK08",5
"DTSJRT01",4
"DTSJRT06",5
"DTSJRT07",6
"DTSKLK05",5
"DTSKPE05",3
"DTSKPE06",2
"DTSKPE07",4
"DTSKPE08",4
"DTSKPE10",3
"DTSKWC05",5
"DTSKWC06",5
"DTSKWC08",5
"DTSLEH02",4
"DTSLEH04",7
"DTSLEH08",8
"DTSPTN04",3
"DTSPTN09",7
"DTSSAP03",4
"DTSSAP07",6
"DTSSKL05",6
"DTSSKL06",3
"DTSSKL07",4
"DTSSKL09",4
"DTSSKL11",6
"DTSSLK04",4
"DTSSLK05",3
"DTSSLK08",6
"DTSUGH01",3
"DTSUGH02",3
"DTSUGH03",5
"DTSUGH05",6
"DTSUGH06",4
"DTSUGH08",3
"DTSUGH10",6
"DTSUGH11",6
"DTSWRC05",7
"DTSWWR02",6
"DTSWWR04",4
"DTSWWR08",2
"EBSAFK25",3
"EBSAFK26",5
"EBSAFK32",5
"EBSAFK36",4
"EBSAKL01",7
"EBSAKL10",3
"EBSAKL11",5
"EBSBKL02",5
"EBSBKL03",5
"EBSBKL06",6
"EBSBKL16",6
"EBSBZR03",6
"EBSBZR08",4
"EBSBZR11",4
"EBSBZR19",4
"EBSCHR06",6
"EBSCHR12",6
"EBSCHR13",4
"EBSCHR17",8
"EBSCHR20",3
"EBSCHR22",4
"EBSCHR27",5
"EBSEBJ01",6
"EBSEBJ07",6
"EBSEBJ09",7
"EBSEBJ15",5
"EBSEDA03",6
"EBSEDA04",6
"EBSEDA11",4
"EBSHKW03",7
"EBSHKW10",6
"EBSHKW15",7
"EBSHKW29",4
"EBSHKW38",5
"EBSNCA01",7
"EBSNCA02",7
"EBSNCA05",6
"EBSNCA06",8
"EBSNCA15",5
"EBSNCA24",7
"EBSNKE07",2
"EBSNKE18",6
"EBSSKA04",7
"EBSSKA14",3
"EBSUGB03",6
"EBSUGB04",7
"EBSZLL08",6
"EBSZLL11",7
"EBSZLL16",5
"EBSZLL18",6
"EBSZLL19",6
"EBSZLL21",6
"EBSZLL22",4
"EBSZLL24",3
"EBSZLL26",4
"EDSABD02",3
"EDSABD05",1
"EDSABD11",3
"EDSABD12",2
"EDSAFZ03",5
"EDSAFZ05",1
"EDSAGD06",2
"EDSAKA04",7
"EDSAKA07",6
"EDSAKA08",3
"EDSAKA10",7
"EDSAKA11",1
"EDSAUC01",5
"EDSAUC03",3
"EDSAUC07",5
"EDSAUC08",5
"EDSAUC10",4
"EDSAUC12",7
"EDSBEN12",6
"EDSDGE05",5
"EDSDGE07",5
"EDSDGE10",4
"EDSEHR06",7
"EDSEHR07",3
"EDSEHR08",4
"EDSEHR10",5
"EDSEKP05",2
"EDSEKP06",4
"EDSFUG02",2
"EDSGAR04",6
"EDSGAR05",3
"EDSGAR06",6
"EDSGAR10",2
"EDSGBZ04",6
"EDSGBZ07",4
"EDSGBZ09",5
"EDSGUE06",3
"EDSRRU03",6
"EDSRRU06",2
"EDSSGD01",6
"EDSSGD02",6
"EDSSGD08",5
"EDSSGD10",4
"EDSUBJ02",3
"EDSUBJ08",3
"EDSUSL06",2
"EDSUSL08",5
"EDSUSL10",4
"EKSADO01",3
"EKSADO03",4
"EKSEFO02",3
"EKSEFO03",4
"EKSEKE01",3
"EKSEKE07",3
"EKSEME02",6
"EKSEME08",6
"EKSGBN05",3
"EKSGBN10",2
"EKSIDO06",3
"EKSIDO09",3
"EKSIJO07",5
"EKSIJO08",4
"EKSIKE03",4
"EKSIKE06",6
"EKSIKE08",5
"EKSIKR08",6
"EKSIME02",4
"EKSMBA05",1
"EKSMBA09",3
"EKSOYE02",3
"EKSOYE07",5
"EKSOYE10",3
"ENSAGN05",5
"ENSAGN06",6
"ENSAGN13",6
"ENSAGW07",7
"ENSAWG02",5
"ENSAWG04",4
"ENSAWG05",3
"ENSAWG08",5
"ENSAWG09",5
"ENSBBG06",3
"ENSBBG09",4
"ENSBBG10",2
"ENSBLF05",1
"ENSDBR08",2
"ENSDBR12",6
"ENSDBR14",3
"ENSENU04",5
"ENSENU06",6
"ENSENU10",4
"ENSENU12",4
"ENSENU13",4
"ENSENZ05",2
"ENSENZ09",6
"ENSENZ10",7
"ENSGBO04",6
"ENSGBO17",2
"ENSJRV03",6
"ENSJRV06",4
"ENSJRV13",6
"ENSJRV20",7
"ENSKEM01",7
"ENSKEM03",6
"ENSKEM04",8
"ENSKEM05",5
"ENSKEM09",6
"ENSKEM11",5
"ENSMGL01",6
"ENSMGL02",6
"ENSMGL07",3
"ENSMGL08",2
"ENSMGL09",2
"ENSMGL11",6
"ENSMGL14",2
"ENSNKW01",4
"ENSNKW04",4
"ENSNKW05",3
"ENSNKW07",5
"ENSNKW11",5
"ENSNKW12",2
"ENSNSK02",6
"ENSNSK07",4
"ENSNSK09",5
"ENSUDD07",3
"ENSUDD08",6
"ENSUDD11",5
"ENSUDD14",4
"ENSUDD16",2
"ENSUMU02",3
"ENSUMU03",6
"ENSUMU05",5
"ENSUMU08",6
"ENSUMU09",7
"ENSUMU10",8
"ENSUMU12",7
"ENSUWN06",4
"ENSUWN07",6
"ENSUWN08",5
"ENSUWN10",7
"ENSUWN11",5
"FCTABC01",4
"FCTABC02",2
"FCTABC03",1
"FCTABC04",3
"FCTABC05",3
"FCTABC06",1
"FCTABC07",3
"FCTABC11",1
"FCTABC12",3
"FCTABJ04",4
"FCTABJ05",6
"FCTABJ06",2
"FCTABJ07",6
"FCTABJ10",6
"FCTBWR03",5
"FCTBWR04",6
"FCTBWR06",1
"FCTBWR07",7
"FCTBWR09",4
"FCTBWR10",4
"FCTGWA01",5
"FCTGWA02",5
"FCTGWA05",1
"FCTGWA07",1
"FCTGWA09",4
"FCTGWA10",6
"FCTKUJ01",3
"FCTKUJ02",3
"FCTKUJ04",6
"FCTKUJ05",7
"FCTKUJ06",5
"FCTKUJ08",3
"FCTKUJ09",4
"FCTKUJ10",7
"FCTKWL01",5
"FCTKWL02",4
"FCTKWL03",5
"FCTKWL04",1
"FCTKWL06",5
"FCTKWL07",5
"FCTKWL09",5
"GMSAKK01",3
"GMSAKK04",1
"GMSAKK08",1
"GMSBLG04",1
"GMSBLG05",1
"GMSBLG08",4
"GMSBLR05",6
"GMSBLR06",4
"GMSBLR10",1
"GMSDKU07",1
"GMSDKU08",1
"GMSGME06",5
"GMSKWM01",1
"GMSSHM08",6
"GMSSHM10",4
"GMSYDB03",3
"IMSABB03",3
"IMSABB04",4
"IMSABB05",4
"IMSABB12",5
"IMSABB13",2
"IMSAFR05",7
"IMSAFR10",7
"IMSAFR11",5
"IMSAMG06",4
"IMSAMG15",2
"IMSAWD01",8
"IMSAWD06",2
"IMSAWD08",6
"IMSAWD09",5
"IMSAWD10",7
"IMSDFB10",4
"IMSDFB15",2
"IMSEBM02",5
"IMSEBM03",7
"IMSEBM06",5
"IMSEBM13",5
"IMSEBM14",2
"IMSEHM02",6
"IMSEHM03",1
"IMSEHM10",4
"IMSETU01",4
"IMSETU11",4
"IMSETU12",3
"IMSGUA01",6
"IMSGUA02",5
"IMSGUA06",8
"IMSGUA07",8
"IMSGUA10",5
"IMSGUA12",6
"IMSIHI04",5
"IMSIHI06",5
"IMSIHI09",3
"IMSIHI14",4
"IMSKED02",3
"IMSKED04",4
"IMSKED06",7
"IMSKGE03",3
"IMSKGE07",7
"IMSKGE10",5
"IMSKGE11",6
"IMSKGE13",6
"IMSKGE14",3
"IMSKWE07",2
"IMSKWE10",7
"IMSKWE11",3
"IMSMGD02",2
"IMSMGD06",6
"IMSMGD07",8
"IMSNGB05",7
"IMSNGN01",3
"IMSNGN05",5
"IMSNGN07",6
"IMSNGN09",5
"IMSNGN12",2
"IMSNGN16",5
"IMSNKR04",3
"IMSNKR05",6
"IMSNSA06",7
"IMSNSA11",7
"IMSNWA01",5
"IMSNWA05",2
"IMSNWA06",5
"IMSNWA08",4
"IMSNWA13",6
"IMSNWA14",4
"IMSNWA15",4
"IMSRLU01",6
"IMSRLU04",5
"IMSRLU08",5
"IMSRLU10",6
"IMSRLU15",7
"IMSRRT06",3
"IMSRRT07",4
"IMSRRT15",5
"IMSTTK06",6
"IMSUMD01",5
"IMSUMD07",5
"IMSUMD15",2
"IMSUMG01",5
"IMSUMG05",5
"IMSUMG06",3
"IMSUMG07",2
"IMSUMG09",1
"IMSUMG11",3
"IMSUMG13",6
"IMSUMG14",5
"IMSUML01",5
"IMSUML13",5
"IMSURU03",6
"IMSURU13",6
"IMSURU16",1
"IMSURU19",6
"IMSWER03",6
"JI0201",1
"JI0301",5
"JI0307",3
"JI0609",2
"JI0803",1
"JI1005",5
"JI1303",5
"JI1609",2
"JI1805",5
"JI1901",1
"JI1903",2
"JI2004",4
"JI2105",6
"JI2109",5
"JI2206",2
"JI2306",1
"JI2508",4
"JI2610",5
"JI2706",4
"KD0101",6
"KD0102",7
"KD0104",8
"KD0105",7
"KD0106",6
"KD0108",8
"KD0110",7
"KD0111",3
"KD0201",8
"KD0202",7
"KD0203",6
"KD0204",6
"KD0205",7
"KD0206",6
"KD0209",3
"KD0210",4
"KD0211",5
"KD0212",1
"KD0301",1
"KD0302",7
"KD0303",6
"KD0304",8
"KD0305",7
"KD0307",7
"KD0309",4
"KD0310",4
"KD0311",6
"KD0401",4
"KD0402",6
"KD0405",7
"KD0406",6
"KD0407",1
"KD0408",3
"KD0409",5
"KD0410",7
"KD0502",5
"KD0510",5
"KD0609",5
"KD0701",4
"KD0704",3
"KD0705",5
"KD0709",2
"KD0711",5
"KD0802",6
"KD0803",6
"KD0804",5
"KD0805",6
"KD0806",1
"KD0808",7
"KD0809",5
"KD0908",7
"KD0911",3
"KD1004",4
"KD1005",1
"KD1102",1
"KD1104",8
"KD1106",6
"KD1201",5
"KD1202",7
"KD1203",6
"KD1204",8
"KD1205",5
"KD1206",4
"KD1207",7
"KD1208",7
"KD1209",6
"KD1210",5
"KD1301",6
"KD1303",8
"KD1305",6
"KD1306",7
"KD1308",7
"KD1309",5
"KD1401",2
"KD1403",4
"KD1405",4
"KD1406",7
"KD1408",6
"KD1409",5
"KD1411",2
"KD1501",3
"KD1608",5
"KD1609",1
"KD1701",1
"KD1703",3
"KD1704",4
"KD1708",3
"KD1711",5
"KD1801",6
"KD1806",3
"KD1807",5
"KD1902",3
"KD1903",5
"KD1904",2
"KD1906",2
"KD1908",1
"KD2002",3
"KD2005",6
"KD2006",1
"KD2107",1
"KD2202",6
"KD2203",5
"KD2204",3
"KD2205",3
"KD2206",6
"KD2207",3
"KD2208",8
"KD2209",8
"KD2210",8
"KD2211",8
"KD2301",4
"KD2302",1
"KD2305",2
"KD2309",7
"KD2310",4
"KD2313",1
"KGSAJA02",6
"KGSAJA04",7
"KGSAJA08",1
"KGSAJK02",5
"KGSAJK03",6
"KGSAJK07",1
"KGSBAS01",4
"KGSBAS02",6
"KGSBAS08",7
"KGSBJK01",6
"KGSBJK04",8
"KGSBJK06",8
"KGSDAH02",7
"KGSDAV08",1
"KGSERE01",3
"KGSERE02",6
"KGSERE11",6
"KGSJMU04",3
"KGSJMU08",6
"KGSJMU12",3
"KGSKAB03",6
"KGSKAB11",2
"KGSKAB12",5
"KGSKFU01",1
"KGSKFU03",5
"KGSKFU04",5
"KGSKFU06",5
"KGSKFU07",4
"KGSKFU10",2
"KGSKKF02",4
"KGSKKF04",6
"KGSKKF11",7
"KGSKKH01",4
"KGSKKH03",5
"KGSKKH10",6
"KGSKNA02",5
"KGSKNA03",4
"KGSKNA04",4
"KGSKNA09",6
"KGSKNA11",2
"KGSKNE03",6
"KGSKNE11",7
"KGSKPA03",3
"KGSKPA12",6
"KGSKPF07",6
"KGSLAM02",1
"KGSLAM06",4
"KGSLAM07",3
"KGSLAM09",1
"KGSLKJ05",4
"KGSLKJ10",5
"KGSMPA06",3
"KGSMPA08",3
"KGSNDG08",6
"KGSSAN03",7
"KGSSAN06",3
"KGSSAN08",5
"KN0403",1
"KN0408",2
"KN0802",1
"KN0808",1
"KN1205",4
"KN1302",5
"KN1501",2
"KN1505",2
"KN1704",1
"KN2106",5
"KN2210",6
"KN2402",3
"KN2503",3
"KN3005",3
"KN3007",3
"KN3109",1
"KN3310",4
"KN3404",1
"KN3407",3
"KN3606",1
"KN3607",4
"KN3610",1
"KN3707",4
"KN3709",5
"KN3915",4
"KN4007",1
"KN4110",6
"KN4206",1
"KN4209",1
"KN4409",6
"KWSAFN02",6
"KWSAFN06",5
"KWSAFN08",2
"KWSAFN14",6
"KWSAFN15",6
"KWSAFN16",3
"KWSARP01",6
"KWSARP02",6
"KWSARP03",5
"KWSARP05",4
"KWSARP06",4
"KWSARP08",4
"KWSARP09",6
"KWSBDU05",6
"KWSBDU07",2
"KWSBDU11",5
"KWSBDU16",6
"KWSFFA01",6
"KWSFUF01",1
"KWSFUF05",3
"KWSFUF07",6
"KWSKEY05",7
"KWSKEY07",3
"KWSKMA06",2
"KWSKSB09",3
"KWSKSB11",4
"KWSLAF02",6
"KWSLEM02",1
"KWSLFF07",4
"KWSLRN01",6
"KWSMUN05",5
"KWSMUN06",4
"KWSPTG01",4
"KWSSHA01",7
"KWSSHA02",2
"KWSSHA07",2
"KWSSHA08",6
"KWSSHA11",4
"KWSSHA12",6
"KWSSHA13",5
"KWSSHA15",4
"KWSWSN04",6
"KWSWSN06",6
"KWSWSN08",6
"KWSWSN09",7
"LASAGG05",5
"LASAGG13",5
"LASAMO05",3
"LASAMO15",4
"LASAMO16",4
"LASAMO22",4
"LASAMO23",2
"LASAMO24",1
"LASAMO25",1
"LASAMO26",6
"LASAMO29",1
"LASAMO32",2
"LASAON01",3
"LASAON08",1
"LASAON14",2
"LASAPA02",1
"LASAPA05",5
"LASATO02",7
"LASBDY10",4
"LASBDY14",3
"LASBDY16",6
"LASEOA02",4
"LASEOA03",4
"LASEOA08",1
"LASEOA11",1
"LASEOA13",2
"LASEOA17",4
"LASEOA18",3
"LASEOA20",4
"LASEPE02",6
"LASEPE12",4
"LASEPE14",5
"LASEPE19",6
"LASIKA02",1
"LASIKA04",2
"LASIKA05",5
"LASIKA12",1
"LASIKU07",4
"LASIKU13",8
"LASIKU17",7
"LASIKU25",2
"LASIOE01",1
"LASIOE06",7
"LASIUI04",1
"LASIUI06",6
"LASKSE08",6
"LASKSE09",7
"LASKSE12",4
"LASKSE14",4
"LASKSE16",6
"LASKSE18",4
"LASLID05",7
"LASLID16",5
"LASLID19",4
"LASLMD05",6
"LASLMD07",7
"LASLMD11",1
"LASLMD12",4
"LASLMD16",5
"LASLMD17",7
"LASMUN04",6
"LASMUN05",6
"LASOIO09",1
"LASOIO11",6
"LASOIO14",6
"LASOIO15",3
"LASOIO18",1
"LASOJO02",3
"LASOJO04",4
"LASOJO06",7
"LASOJO07",3
"LASOJO08",3
"LASOJO13",4
"LASOJO14",5
"LASSMU09",6
"LASSMU10",6
"LASSUE01",4
"LASSUE08",3
"LASSUE19",6
"NASAKW05",3
"NASAKW06",2
"NASAKW07",5
"NASAKW10",6
"NASAWE06",6
"NASAWE07",4
"NASDMA05",6
"NASDMA08",2
"NASDMA10",5
"NASGRU06",4
"NASGRU08",1
"NASKEF01",4
"NASKEN01",8
"NASKEN04",5
"NASKEN06",7
"NASKEN09",8
"NASKRV02",1
"NASKRV03",7
"NASKRV04",1
"NASLFA03",4
"NASLFA04",1
"NASLFA05",5
"NASLFA10",6
"NASLFA11",4
"NASLFA12",4
"NASNBB10",7
"NASNEG01",2
"NASNEG10",4
"NASNSW10",4
"NASNSW13",4
"NASNTT03",6
"NASNTT05",8
"NASNTT06",5
"NASNTT07",6
"NASNTT08",4
"NASNTT09",6
"NASNTT12",6
"NASWAM05",2
"NASWAM07",6
"NASWAM09",5
"NISAGA01",5
"NISAGR05",2
"NISBDA01",5
"NISBDA02",7
"NISBMG01",5
"NISBMG02",5
"NISBMG03",4
"NISBMG04",5
"NISBMG05",5
"NISBMG06",8
"NISBMG08",1
"NISBMG09",5
"NISBMG11",5
"NISENG06",2
"NISGWU04",7
"NISGWU06",7
"NISGWU07",6
"NISKAG01",8
"NISKAG02",7
"NISKAG04",7
"NISKAG05",6
"NISKAG06",4
"NISKAG07",7
"NISKAG08",5
"NISKAG09",1
"NISKAG10",7
"NISKNT05",8
"NISKNT06",5
"NISKNT09",7
"NISKUG05",5
"NISKUG10",5
"NISKUT01",8
"NISKUT02",6
"NISKUT03",8
"NISKUT04",5
"NISKUT05",7
"NISKUT06",8
"NISKUT08",5
"NISKUT09",1
"NISKUT10",8
"NISKUT11",6
"NISKUT15",5
"NISLAP02",4
"NISLAP03",5
"NISLAP04",5
"NISLAP05",8
"NISLAP07",1
"NISLMU06",5
"NISMAK01",6
"NISMAK08",6
"NISMKW06",5
"NISMKW10",5
"NISMKW11",4
"NISMNA09",7
"NISMSG03",4
"NISMSG05",5
"NISMSG07",5
"NISMSG08",6
"NISNAS07",7
"NISNAS09",4
"NISNBS01",5
"NISNBS02",5
"NISNBS05",7
"NISNBS07",3
"NISPAK01",4
"NISPAK02",5
"NISPAK04",5
"NISPAK05",1
"NISPAK06",7
"NISPAK07",4
"NISPAK09",5
"NISRJA03",4
"NISRJA04",2
"NISRJA06",5
"NISRJA08",4
"NISRJA11",3
"NISSRP01",3
"NISSRP02",5
"NISSRP03",8
"NISSRP05",7
"NISSRP06",3
"NISSRP07",6
"NISSRP08",7
"NISSRP09",6
"NISSRP11",6
"NISSUL04",7
"NISSUL08",2
"NISWSE02",7
"NISWSE05",4
"NISWSE07",4
"NISWSH09",6
"NISWSH11",7
"ODSAKN06",3
"ODSAKN08",4
"ODSAKN10",6
"ODSAKN12",3
"ODSAKS07",1
"ODSAKS10",6
"ODSANE05",6
"ODSANE08",6
"ODSANE12",6
"ODSANE13",4
"ODSANW02",6
"ODSASE03",3
"ODSASE09",6
"ODSASW02",2
"ODSASW04",5
"ODSASW15",5
"ODSESO05",4
"ODSIAE05",6
"ODSIAE09",5
"ODSIDE06",1
"ODSIDNE02",5
"ODSIDNE04",3
"ODSIDNE09",1
"ODSODI07",3
"ODSODI10",3
"ODSOET02",7
"ODSOSE02",1
"ODSOSE04",4
"ODSOSE06",6
"ODSOSE07",6
"ODSOSE10",8
"ODSOSE11",6
"ODSOSE12",6
"ODSOWO04",8
"ODSOWO07",1
"ODSOWO08",1
"ODSOWO09",2
"ODSOWT07",7
"ODSPUP12",7
"OGSABN05",4
"OGSABN06",4
"OGSABN07",6
"OGSABN08",6
"OGSABN09",1
"OGSABN10",5
"OGSABN13",6
"OGSABS06",5
"OGSABS07",7
"OGSADO02",4
"OGSADO05",1
"OGSADO08",5
"OGSADO09",4
"OGSADO10",1
"OGSADO11",1
"OGSADO13",4
"OGSADO15",1
"OGSEWO03",6
"OGSEWO05",6
"OGSEWO06",6
"OGSEWO09",4
"OGSIFO03",1
"OGSIFO06",7
"OGSIFO08",1
"OGSIKA04",1
"OGSIKE04",4
"OGSIKE05",5
"OGSIKE06",7
"OGSION07",5
"OGSIUE02",4
"OGSIUE06",2
"OGSIUE07",5
"OGSIUN01",2
"OGSIUN04",3
"OGSIUN10",1
"OGSOBE01",5
"OGSOBE02",5
"OGSOBE03",5
"OGSOBE04",1
"OGSOBE08",2
"OGSOBE09",5
"OGSOBE10",1
"OGSOBE12",6
"OGSOBE13",3
"OGSOBE15",1
"OGSODA04",6
"OGSODA05",5
"OGSODA09",1
"OGSOGU03",4
"OGSOGU04",5
"OGSOGU10",6
"OGSOGU14",7
"OGSRMN03",6
"OGSRMN04",3
"OGSRMN08",5
"OGSSAU03",8
"OGSSAU07",3
"OGSSAU11",4
"OGSSAU12",3
"OGSSAU14",2
"OGSYEN01",5
"OGSYEN06",6
"OGSYEN07",5
"OGSYEN10",2
"OGSYES02",2
"OGSYES05",5
"OGSYES06",5
"OGSYES10",8
"OSSADE02",3
"OSSADE06",4
"OSSADE10",5
"OSSAME01",6
"OSSAME05",6
"OSSAME06",6
"OSSAME08",6
"OSSAMW02",6
"OSSAMW08",1
"OSSAMW09",8
"OSSAMW11",5
"OSSBOE02",6
"OSSBOE03",2
"OSSBOE09",4
"OSSEDE10",4
"OSSENH01",3
"OSSENH02",5
"OSSICL04",5
"OSSIDN06",7
"OSSIDN11",6
"OSSIDO02",7
"OSSIDO04",4
"OSSIET04",1
"OSSIEW01",4
"OSSIEW10",7
"OSSILA02",4
"OSSINH07",3
"OSSINH08",6
"OSSION06",8
"OSSION10",4
"OSSIRE05",8
"OSSIRE10",3
"OSSISH07",7
"OSSISO01",5
"OSSISO08",6
"OSSIWO06",4
"OSSOBN01",3
"OSSOBN02",5
"OSSOBN04",2
"OSSOBN07",1
"OSSODN07",4
"OSSODN13",2
"OSSOIE05",4
"OSSOSO09",6
"OSSOUA08",2
"OYSAKE01",6
"OYSAKE06",7
"OYSAKE08",4
"OYSAKE10",6
"OYSATA09",1
"OYSATIB01",5
"OYSEGA02",4
"OYSEGA04",3
"OYSIBAN02",7
"OYSIBAN05",8
"OYSIBE02",2
"OYSIBE04",2
"OYSIBN01",6
"OYSIBN03",3
"OYSIBN04",4
"OYSIBN10",4
"OYSICL02",7
"OYSIDO07",4
"OYSIDO10",1
"OYSIJA01",8
"OYSIJA08",6
"OYSINE09",6
"OYSISN11",3
"OYSISW09",6
"OYSIWU08",4
"OYSIWU09",2
"OYSKAA08",1
"OYSLAU08",4
"OYSOET08",4
"OYSOGN06",3
"OYSOIE06",1
"OYSOIE08",1
"OYSOLA01",8
"OYSOLE08",5
"OYSOSO04",7
"OYSOYE05",3
"OYSOYE08",4
"OYSOYE09",4
"OYSSET07",2
"OYSSUR02",2
"OYSSUR07",1
"OYSSWT09",1
"PLSANW03",7
"PLSANW10",6
"PLSANW12",4
"PLSANW16",6
"PLSANW18",7
"PLSBKK02",8
"PLSBKK04",7
"PLSBKK08",6
"PLSBKK13",5
"PLSBKK14",2
"PLSBKK17",2
"PLSBKK18",4
"PLSBKK19",6
"PLSBLD01",8
"PLSBLD04",7
"PLSBLD05",5
"PLSBLD20",2
"PLSBSA05",8
"PLSBSA08",1
"PLSBSA10",8
"PLSBSA12",7
"PLSBSA17",7
"PLSBSA18",1
"PLSBUU01",6
"PLSBUU02",6
"PLSBUU04",4
"PLSBUU05",1
"PLSBUU12",8
"PLSBUU17",5
"PLSBUU18",7
"PLSBUU19",4
"PLSDNG02",5
"PLSDNG10",8
"PLSJJN07",7
"PLSJJN08",5
"PLSJJN11",5
"PLSJJN12",1
"PLSJJN16",1
"PLSKWK10",1
"PLSMGU06",7
"PLSMGU07",8
"PLSMGU08",6
"PLSMGU12",6
"PLSMGU13",5
"PLSMGU14",7
"PLSMGU17",5
"PLSMGU18",6
"PLSMGU20",6
"PLSPKN02",2
"PLSPKN04",4
"PLSPKN15",4
"PLSQAP06",5
"PLSQAP11",2
"PLSQAP17",1
"PLSRYM06",8
"PLSRYM07",8
"PLSRYM09",7
"PLSRYM10",7
"PLSRYM11",7
"PLSRYM12",6
"PLSRYM15",5
"PLSRYM16",7
"PLSSHD16",4
"PLSTNK16",5
"PLSWAS01",5
"PLSWAS05",6
"PLSWAS07",5
"PLSWAS08",6
"PLSWAS13",8
"PLSWAS19",5
"RVSABM03",7
"RVSABM09",4
"RVSABM11",4
"RVSABM14",4
"RVSABM16",3
"RVSABU04",8
"RVSABU05",7
"RVSAFM01",4
"RVSAFM02",8
"RVSAFM07",4
"RVSAFM08",4
"RVSAHD02",7
"RVSAHD06",8
"RVSAHD07",6
"RVSBER10",4
"RVSBGM10",7
"RVSBGM12",6
"RVSBNY05",4
"RVSBNY07",2
"RVSBRR06",6
"RVSBRR08",6
"RVSBRR09",6
"RVSBRR10",6
"RVSBRR13",5
"RVSDEG05",7
"RVSDEG08",8
"RVSGGU03",7
"RVSKHE07",1
"RVSKHE14",5
"RVSKHE15",3
"RVSKNM05",8
"RVSKNM07",7
"RVSKNM09",8
"RVSKNM10",8
"RVSKPR06",7
"RVSKPR15",6
"RVSKPR16",4
"RVSKRK04",7
"RVSKRK10",4
"RVSKRK11",8
"RVSMHA01",6
"RVSMHA02",7
"RVSMHA03",7
"RVSMHA04",5
"RVSMHA06",6
"RVSMHA07",5
"RVSMHA08",6
"RVSMHA09",6
"RVSMHA11",6
"RVSMHA12",5
"RVSMHA13",6
"RVSNCH02",5
"RVSNCH05",4
"RVSNCH10",4
"RVSNDN05",3
"RVSPBT04",6
"RVSPHC11",1
"RVSPHC14",6
"RVSPHC17",6
"RVSRGM03",1
"RVSRGM05",8
"RVSRUM01",4
"RVSRUM02",1
"RVSRUM10",4
"RVSRUM11",3
"RVSRUM13",3
"RVSRUM14",1
"RVSRUM16",5
"RVSRUM17",5
"RVSSKN01",7
"RVSSKN07",6
"RVSSPK02",7
"RVSSPK03",6
"RVSSPK04",2
"RVSSPK05",2
"RVSSPK07",2
"RVSSPK09",1
"RVSSPK10",1
"TRSARD01",2
"TRSARD02",5
"TRSARD04",4
"TRSARD06",1
"TRSARD07",3
"TRSBAL02",8
"TRSBAL05",5
"TRSBAL09",5
"TRSBAL11",5
"TRSBBB08",5
"TRSDGA01",5
"TRSDGA02",4
"TRSDGA05",5
"TRSDGA07",4
"TRSDGA08",6
"TRSGAS01",7
"TRSGAS02",5
"TRSGAS03",6
"TRSGAS05",5
"TRSGAS07",1
"TRSGAS08",5
"TRSGAS09",2
"TRSGAS10",3
"TRSGAS11",1
"TRSGKA06",4
"TRSJAL01",1
"TRSJAL02",4
"TRSJAL03",1
"TRSJAL05",6
"TRSJAL07",1
"TRSKLD04",6
"TRSKLD06",8
"TRSKLD09",6
"TRSKLD10",1
"TRSKLD11",4
"TRSKRM05",6
"TRSKRM07",5
"TRSKRM08",6
"TRSLAU03",5
"TRSLAU04",6
"TRSLAU06",1
"TRSLAU07",1
"TRSLAU08",6
"TRSSDA01",5
"TRSSDA09",5
"TRSTTM02",3
"TRSTTM03",4
"TRSTTM05",4
"TRSTTM06",6
"TRSTTM07",5
"TRSTTM08",8
"TRSTZG04",3
"TRSTZG09",5
"TRSUSS01",3
"TRSUSS05",4
"TRSUSS06",5
"TRSUSS07",7
"TRSUSS09",8
"TRSWKR01",4
"TRSWKR07",4
"TRSWKR08",5
"TRSWKR09",4
"TRSWKR10",4
"TRSYRR01",6
"TRSYRR02",4
"TRSYRR04",2
"TRSYRR05",1
"TRSYRR07",4
"TRSYRR09",1
